cr,x,y,method,r,n,rss,abs_r,p_two_sided_abs,abs_percentile,null_abs_p95
all,pfss_equator_abs_mean,bmag_mean,spearman,0.2853122209538846,214,2.0,0.2853122209538846,0.0024987506246876,99.8,0.1920730925221773
all,pfss_equator_abs_mean,bmag_mean,spearman,0.2761800944008303,214,2.5,0.2761800944008303,0.0029985007496251,99.75,0.1944591330296116
all,pfss_equator_abs_mean,bmag_mean,spearman,0.209600549054119,214,3.0,0.209600549054119,0.024487756121939,97.6,0.1872032372641789
