sample,rss,cr,x,y,method,r,n,abs_r,null_p_two_sided_abs,null_abs_percentile,null_abs_p95
ambient_without_cr2284,2.0,all,pfss_equator_abs_mean,bmag_mean,spearman,0.31074904624749056,144,0.31074904624749056,0.004497751124437781,99.6,0.2126298254058478
ambient_without_cr2284,2.5,all,pfss_equator_abs_mean,bmag_mean,spearman,0.3135080716062104,144,0.3135080716062104,0.0069965017491254375,99.35000000000001,0.23707462932516318
ambient_without_cr2284,3.0,all,pfss_equator_abs_mean,bmag_mean,spearman,0.251493299868807,144,0.251493299868807,0.03298350824587706,96.75,0.2357423395853006
final_with_cr2284,2.0,all,pfss_equator_abs_mean,bmag_mean,spearman,0.28034933194923917,180,0.28034933194923917,0.005497251374312844,99.5,0.19427482035189886
final_with_cr2284,2.5,all,pfss_equator_abs_mean,bmag_mean,spearman,0.29855772223309307,180,0.29855772223309307,0.001999000499750125,99.85000000000001,0.20289679871644742
final_with_cr2284,3.0,all,pfss_equator_abs_mean,bmag_mean,spearman,0.2528206903612022,180,0.2528206903612022,0.012993503248375811,98.75,0.20335103107661928
